"uuid_work"	"primary_title"
"17546bc5-c143-3e50-7b7b-087e2a01f494"	"BAD NEWS"
"2cd0b0f5-317d-e97f-ea95-cc4f5a858bd1"	"WHERE IT STAYS"
"32802fd7-3359-fc95-8bc4-4ab868872a9b"	"SYMPHON"
"33e5f14e-3188-73a4-8991-ac5e89e3174b"	"COLOUR MY HEART"
"36590327-0d80-a16f-6a25-b56b2d3681ee"	"SATELLIT"
"3e7c3cb8-17bf-2205-f15a-21245312b768"	"HIGHER"
"4147532a-f528-2d08-02de-a9f7a876b839"	"BLUE EYES FOREVER"
"43ba9d7d-df39-b924-6737-b191713d0b3f"	"BLACK OU"
"54703876-0c97-6acd-a0e4-72d439584756"	"RUNNING BACK TO YOU"
"5f7f4dc0-292a-203f-3911-7b1d2bc68e5f"	"CENTRE OF THE UNIVERSE"
"80a826c5-b324-dc69-ae19-8ae5ce28150e"	"FREEDO"
"a183a1ca-a77e-9452-a84f-ee0a5a578b51"	"SYMPHONY"
"a8647541-9d3c-428c-b9ac-7800a157de7c"	"EVERYTHING I WANTED FEAT. CHARLOTTE OC"
"aaf98c7c-1145-b783-9d45-2199566e33e4"	"DARKEST HOU"
"ab5946c1-1b6c-00b5-2836-d6a63dc060c1"	"SWEET NOTHING"
"b0f63140-d719-d903-c0a6-46563f48fc7d"	"FALLING FOR YOU"
"c0eaa7c1-b8f8-6f15-0490-8c82a341153b"	"CUT THE ROPE"
"e01c891f-1bc3-f26b-9453-3ec67781939a"	"THIS PAI"
"eb848751-333c-df3a-f734-4d7355f634de"	"BETTER OFF ON MY OWN"
"fecb9152-8934-ba16-3aab-9b83b7cae698"	"STRANG"
"055fb975-6ee2-134e-2d32-ad3897a4f95e"	"EXIST FOR LOVE"
"05998feb-7582-d70f-5077-75b990217221"	"CONNECTING WITH THE LAMA"
"05cabf56-6e6e-a710-ee3d-d31197db4c5a"	"LOCOMOTION"
"05d9bb81-9d52-6957-924f-a9d40c817f99"	"MU DAN CHIM IB"
"063c712b-cd9d-c102-9ec9-fd76c990b6ef"	"A WALKING CONTRADICTION"
"066c6eb2-f613-662c-77da-9c06b1c0c6c4"	"MIA SMYRNIA STO PARATHIRI"
"0688a1f4-6123-e936-75bd-92066650d92b"	"FALLEN FLOWER"
"069d0fb9-0898-2bbd-df49-e1387e495bcf"	"OVERSTAY"
"06b4f239-9096-ccbc-2d19-f834d0c47436"	"CAN'T KEEP FALLING"
"06c0bd28-f8b5-a062-65cb-c565b666c73c"	"GOLD"
"06dc0204-791c-6da6-027a-f755da29bb82"	"ROAD TO PARADISE"
"077f39d2-97c6-10c8-02b3-a67136ba3feb"	"SHADOWS IN THE SUN"
"07bc705e-e471-ce8e-489c-a8c0d06a4113"	"IN YOUR PHONE"
"07c21328-71cb-7991-c201-bb4ef7c3818a"	"LEO"
"082ecdab-0790-940c-0d7f-da04b05b4757"	"WHAT I TRY"
"0845f48a-56ec-e65d-8281-0137c38d40c0"	"KARMA"
"0846053e-43a7-d2d5-b4ba-c3405e96c7d6"	"BABY STEPS"
"086871c4-7ab9-26a0-4034-64e16df34c1d"	"TROMMELTANZ"
"087c5923-3dee-397e-5b6d-1a0acd487053"	"HARD CAME THE RAIN"
"08bcf385-f388-864b-9fb3-be7ce9473e34"	"ROCK THE HOUSE"
"08c02ec6-f6a2-a529-d753-ee154d3360ef"	"THE SUN"
"08e46cad-d65e-1ce3-5aca-af71c65df3cd"	"UNDER THE WATER"
"0933826c-75fc-3fcb-c8ce-bee3e6031492"	"NOTHING IS AS IT SEEMS"
"093f271d-0130-7552-8363-8e54a522cc76"	"I DON'T THINK ABOUT YOU"
"0976bd0a-999c-0608-7a89-76059d43d747"	"LILAC"
"098c9638-6454-b609-dc12-0158ef83206c"	"HALIOD XERROX COPY 1"
"09921be1-0cb3-9546-822e-b2913a6eb7e4"	"THE HEART WANTS WHAT THE HEART WANTS"
"09aa4b15-01ec-f0d1-f153-b9d462f41fda"	"THE DANCERS WALTZ"
"09bc7b86-a42d-38ee-c2f1-b52387fdac18"	"HOPE OF AGES"
"0a0a0b22-25e8-8d7e-e2cc-9f37f55b1c73"	"LIKE A RIDDLE"
"0a0f2f80-c80d-1563-6fd0-c1bb626c8758"	"YOUR BEST"
"0a1286a0-831b-0547-955c-f84c9783bfd4"	"TO THE SEA"
"0a1e5de5-d3e2-1fa0-2e46-eb0db1ce3e76"	"FORGET"
"0a2f8aa6-5f49-59ca-8efb-e2691a4cb665"	"CHERRY RED"
"0b07301c-acc7-cbb2-2368-95a787733b1d"	"AFTERNOONS IN UTOPIA"
"0b16b035-d9b5-d848-c37d-e72c1026bd65"	"THORAZINE SHUFFLE"
"0b632c71-0505-fe9f-f4f1-06f7dd624fc4"	"WATER FROM THE SAME SOURCE"
"0b679c39-8f64-baa5-411a-4c0aa0fe392f"	"PLAGE ISOLEE (SOLEIL COUCHANT)"
"0bbf43c7-0a96-f845-f3f3-0381568ff1a8"	"SECT CONFLICT"
"0bc5e0da-8b50-ea83-d272-e144ebb2c4f2"	"MOUNTAINS"
"0bd049b7-003f-f90d-928f-4875b4f143c1"	"BONES"
"0be23f65-03b4-b65d-a3d1-6ddc6b761a84"	"DANCIN"
"0bf19ea4-10f2-ffa3-1d22-6f79b309ade0"	"HEAT STROKE"
"0c19a08d-3054-96ff-9ed5-88d6e2a49a3e"	"SLIGO RIVER BLUES"
"0c909a3e-5fe5-3e23-999e-65fbf2d04d7a"	"JAGOS"
"0cc0e133-6621-13f0-b440-bcd562087f05"	"VERNAL EQUINOX"
"0ce84f8b-6383-fe65-73a2-09c988d74595"	"UNTITLED 071295"
"0d2cdf5d-d9d4-858c-c99c-fc613897efe9"	"DOWN AT THE SEA HOTEL"
"0d533350-cc5c-1024-6e53-00748dc48508"	"WANDERING CHILD"
"0d6cf99c-1ce3-ba33-c3a4-b0785f7a1c55"	"PRAY"
"0dcdbde5-e1df-11ec-8bf2-10e1f30234cb"	"BAROCCO"
"0df3ae8e-a2d7-c0a3-3eb5-155a647970ac"	"HENRY MARTIN"
"0e586f22-a630-3e0f-7b2d-4078b211401e"	"THE WHEELS OF LAREDO"
"0e5c313f-f6d5-a564-88c0-a57eb07045f5"	"HEY LONELY"
"0e6f8985-229b-4c82-06bf-f50b8df54ebf"	"TINOGE YA TA'A BA PT. 1 & 2"
"0e709e7f-7d86-46d2-ac0c-d99e73e02d94"	"UEBERSPRUNG"
"0ea7a18d-1c28-a02a-68fe-82a0f13f0fd6"	"SHOW YOU"
"0f37a935-5f67-e8b3-2545-4a464ab60f72"	"PITCH PERFECT"
"0f39c84a-f1dd-32e6-fe59-75f1041d005e"	"NO ROOTS"
"0f438d4e-c509-bf69-e3cd-a817f6991dc9"	"NO REASON"
"0f577b27-60de-8ba2-0335-7098ebb53b38"	"LOVE SONG TO A STRANGER"
"0fa1d9c2-3f9b-1bc7-b08a-0f152c4dc3c0"	"YOUNG AND BEAUTIFUL"
"0fb39c10-5286-d4cf-d7bb-25cf5feaeaaa"	"LIKE I DO"
"0fdb9509-1b1b-be7b-16e1-49910f938280"	"WALKING WITH LIONS"
"10763245-21dc-d2cb-ea09-f5ce2a80ccc7"	"RAG AND BONES"
"108bb796-1401-e626-67bb-d8e8eb67a81e"	"A MYSTICAL MORNING"
"11851955-9d16-2886-2308-5514a228b39b"	"DATA.HYPERCOMPLEX"
"11a6bb42-5f0c-f02c-38e5-eecea90ac083"	"WHI5TLEBLOWER"
"11b84ea9-8229-47d7-2a8d-fbec31d59e9e"	"EO SA SANG BONG"
"11e9a476-5138-5681-bc11-333c990611fb"	"ROOM WITHOUT A KEY"
"122e50ef-b5bb-af93-4533-e3e57b0785af"	"HEART SHAKER"
"125494f7-cff1-e306-e134-0330e747c86f"	"SOMETHING REAL"
"1259e4cb-7409-72fb-0526-84f8943b3597"	"RUNNING WITH THE WOLVES"
"127c6704-6ffe-d7d1-7489-63b02e2839ca"	"3096 TAGE"
"12e7705f-bc48-1416-b9ac-726306b18afd"	"COMBAT PRACTICE"
"1354aae8-7240-1c72-2f6c-49f9e07b1821"	"CASTLE IN THE SKY"
"136cf60a-eea8-efa9-7ea4-caac8e74c799"	"BAD BEHAVIOUR"
"1394c7ec-e2d0-c16e-9a8c-d5638a05aecb"	"MATTY GROVES"
"141a85ac-7476-a933-c2fc-c3be284683e1"	"CANDIDATE"
"141be1ff-250c-e3e6-e212-8eaca1e678e5"	"TAKAMBA"
"14281549-1fa8-4b8e-92ae-aec963b6e454"	"KILLED ME WITH LOVE"
"14432f50-3249-23e0-5a46-ee928576570b"	"LONESOME ROAD"
"1456d7e8-36c1-f133-fc4e-6a884cb662d9"	"GIANT"
"1463832a-5cac-2849-7fd6-37deeaf2aea5"	"ANIMAL"
"149d5f19-c566-d12a-df66-12bf07ea80b8"	"RAVEN BLACK NIGHT"
"14b8e516-7d14-04ba-4140-a831b8f2bd3c"	"THE WATER IS WIDE"
"14dc6c06-2b34-145a-758e-7e5b555074a1"	"NEBEL"
"14fe3f03-2dc3-bf6d-d14b-ccda24b70b2b"	"GET DOWN"
"150e3f9b-afef-2367-ef9b-5799bb06e895"	"LOTUS EATER"
"154be94e-7edf-a64a-7b05-0f1e2121cb38"	"GENTLE STREAM"
"15e4507b-73e9-8f08-35fc-040807a57b5d"	"THE MOON CAME LAST NIGHT DROPPIN"
"15e992a7-25ef-4b03-6004-aba80f41e78b"	"ANY OLD TIME"
"16111e01-9f2e-e2eb-df4a-d8cbf600c886"	"DEADMEN"
"1615fb7d-3ed2-5462-6779-d1c53d02ff7d"	"LION"
"161ecf0e-6141-932b-a8cb-19278d6ae8f5"	"KNOW ME TOO WELL"
"1627a72c-134f-b1da-0466-d63d383051f3"	"GROUND CONTROL"
"162865e6-6ce3-8137-075e-fe467e3f32d3"	"MOCHA COMIC TENSION"
"162b1eb2-27d6-640f-4982-61c2ce7e5c4c"	"HOW WE GONNA STOP THE TIME"
"164589c8-270f-daf5-96f1-7baa6a99226b"	"MONSTERS"
"16736288-c3a5-d5f3-9598-713b3f118ef8"	"SHE"
"168b31c5-0785-507f-210a-607a1f1c4b7f"	"WARRIOR DANCE"
"16f2eabe-1ff6-c4b6-bfb6-976bfa708491"	"MAMA"
"1724db99-aa84-6f1e-c50a-e39effaa1d14"	"CHOCOLATE (CHOCO CHOCO)"
"17546bc5-c143-3e50-7b7b-087e2a01f494"	"BAD NEWS"
"177aa4b9-be3f-3f96-404f-595767dde1b6"	"A DIFFERENT KIND OF HUMAN"
"177d6b35-0ba8-ab3c-93e0-23d2cf576eef"	"DEEP DIVING"
"179ab3e0-e96b-886b-9917-ff435e194198"	"BEN'S PORSCHE"
"17c92a28-478c-bf87-da6c-849ec5a6df9b"	"BETTER OFF"
"183fc637-e0bc-0d37-bbb4-3ba98fd431a3"	"BRAVE HONEST BEAUTIFUL"
"1847c668-2f70-d1ab-7e45-80c6a777d1dd"	"AIN'T YOUR MAMA"
"1857b397-a573-63b9-6fbd-1d829bbe0917"	"SAUVER OU PERIR"
"186eb1fa-0c5f-c62a-a53d-be432046d6f8"	"VENGANZA Y SEDUCCION"
"1883cac0-ac8f-d61a-e776-e21616abb70b"	"RIVER OF LOVE"
"18b41b8a-ce77-75c9-c74f-d4b55ab60a8e"	"MANDARINE GIRL"
"18efee70-c75f-5b63-13fb-ff4f6834e2b6"	"NUNCHUK"
"1927457e-730c-ca65-b867-93900a98b6d5"	"BLUE BLOOD"
"19319214-4ad2-313d-57e8-4a39424fd8f1"	"BETTER PLACE"
"1956556b-bef8-3de6-b2d6-acf32fbc5d25"	"KAA"
"1984f4bf-ced3-cccd-aa2e-5e34e5a165ab"	"THE SHOW GOES ON"
"19caeec1-91f7-ec9e-56b6-ba1ab1818292"	"SKINWALKERS"
"19f1dba5-a801-2a33-3b05-5271f39841bf"	"EAST VIRGINIA"
"19f81a33-622c-e3ef-e4d9-eccee01191a4"	"RESIDENT EVIL AFTERLIFE"
"1a01d1b2-4103-7794-4619-58ba88cbb963"	"I WORE IT BETTER"
"1a035d00-8018-d851-6810-d6f369680fb9"	"80S MERCEDES"
"1a1597ce-0f06-4da8-ccd9-0ad53048f63f"	"ONE MORE MILE"
"1a295a7f-7dc2-a5d4-d06f-8cef07a125cb"	"YOU GOT ME"
"1a69b997-4e31-8e02-8278-e7c576c26ecf"	"SLEDGEHAMMER"
"1a85f7d4-f7d0-fd9a-da7a-fbee09d1b572"	"THIS GUILTY BLOOD"
"1ad71679-1e0a-a446-9ff1-9599307261b1"	"CAN I STAY WITH YOU"
"1b32c90a-b455-85df-f57c-411f7191e28a"	"RUNNING WITH THE WOLVES (PABLO NOUVELLE"
"1b5f3f16-7c17-c2f8-3cc2-884b15af5f3a"	"DATA.COMPLEX"
"1b624fb2-23a5-e247-0957-ac08ac60c058"	"PETS UNITED"
"1b73fcb3-a613-d5c2-da35-912802bf9b43"	"LAY MY BODY DOWN"
"1bc1af1d-e580-38db-974a-df352ea185ed"	"DON'T TRY TO FOOL ME"
"1bc8d84c-7803-d3f1-8d91-5c9ba2bebfab"	"AFTER THE STORM"
"1bd0d890-bebb-0d70-4bc0-425726df6c88"	"THE MORTAL INSTRUMENTS: CITY OF BONES"
"1c10a0ae-93c2-b464-941a-e4acf402267f"	"I WOULD DIE FOR YOU"
"1c9095a2-22e1-a997-b276-29958c7c5b5c"	"GOT A LITTLE DRUNK"
"1cc829b9-cda4-267c-bc79-182b8053e7f7"	"DU TUST ES IMMER WIEDER"
"1ccc0c30-1673-75b6-f794-5b9e279d517a"	"A SWEET SONG ABOUT LOVE"
"1d03e273-e079-94ae-a7cc-68adeb9559a3"	"RINGS AND ROSES"
"1d4c1c4c-ccc9-09e7-c629-90e3832bdd7f"	"WHITE NOISE ROMANTICA"
"1d5f2af5-cf7f-aed5-b1e9-f9372d344603"	"DREH' DICH NOCH EINMAL UM"
"1dcefaa4-fc2c-6aa9-42cc-e6ffcb64920f"	"LOVE POEM"
"1dddb601-c2f8-8359-ba23-4563a915f048"	"WITHOUT"
"1df7541a-01a2-208f-5120-a28fda0982bb"	"LIVE A LITTLE"
"1e07a002-4901-58ee-7aee-7b1d17f24b48"	"UNDERWATER"
"1e5dd671-6ac3-8e48-d651-cf06bc9049ab"	"THE ALCHEMIST"
"1e7946e7-6563-ba4b-fdf3-be079aa4d139"	"NEVER GET ENOUGH"
"1e7e85ef-f104-7695-307b-bc515ba2c1d0"	"BEAUTIFUL PEOPLE"
"1e932afa-e466-9b66-c46e-c469607b1dbe"	"NO.461"
"1e952d6f-2e4a-addb-84fd-ddc4cef21d31"	"21"
"1ea7b0a5-ccab-d4cf-2a95-8b55d7835db4"	"LIES"
"1f614471-ce63-decd-8183-20cd707a1d06"	"ODD FORMS"
"1f62dfc3-9055-0b8b-7602-523d22303089"	"GENTLE EARTHQUAKES"
"1f670cf4-5b74-25d6-9a73-aa726a8098e4"	"FAKE MAGIC"
"1f763f9a-69aa-5d39-6207-e8f9e7365774"	"IT'S ALL IN THE GAME"
"1fa946f8-2265-bb03-2324-16bbfa7587c5"	"THE DESCENT INTO HELL IS EASY"
"1fe20cbc-0031-0463-6bdb-9b4cb3409b56"	"FIRST SELF-PORTRAIT"
"1ffbb57c-eb4f-d3f2-d02d-5b44af39315a"	"BEAT OF MY HEART"
"20462bfa-d319-33d9-41ce-beb1c07d9f26"	"GUILTY"
"2048ba06-370d-6d49-66dc-31ea1321db66"	"DANCE FLOOR DARLING"
"20553908-497c-25cd-533e-7f672865a064"	"OCULUS"
"2069c903-84a1-db7b-d8cf-077dc872242f"	"PLEASURE & PAIN"
"20861a68-e2b0-3a76-ff7a-25457df2e797"	"RAIN SUITE"
"20916bfe-73d0-2255-ea0e-3f7ea975b40b"	"TURN IT AROUND"
"209d5f0b-b741-963c-551e-68f200cdd49f"	"WOMAN"
"209e728d-5af1-ad6b-0221-1e34516961cd"	"HEAVEN OR HELL"
"20aaa151-4af3-8b86-9bf5-8664a76fb2f1"	"FIVERS"
"210f0811-6674-9fa6-5f40-df1a074979a0"	"U SAY"
"21195e22-5fa9-7c7d-c23c-209466a32aea"	"WHY SO SERIOUS?"
"211fe63a-1c58-e41c-75cc-becc78e5b070"	"YOUR NUMBER ONE"
"21329411-4f5b-98db-3ef1-b189e82510c8"	"DANCE OF THE INHABITANTS OF THE PALACE O"
"213e34c0-b993-3c36-12b5-ee14116ed626"	"GIRLS LIKE US"
"2167f4e2-a9cc-ecc2-62cc-e4f8fb57283b"	"HERE WE STAND"
"218f1e87-36f2-7751-7745-78d32f1af053"	"MY HEART GOES BOOM"
"21de25a7-fceb-4b26-17c8-e67c0f31ec27"	"HEROES FALL"
"21ebb763-2566-e773-87e4-987b4d4efda2"	"LIKE THUNDER"
"21f82d2a-577b-8694-6be9-8d2bd44b590b"	"IF THERE IS LOVE"
"21fc1d38-b46c-98de-2250-152035182d83"	"NEWS SPORTS OR WHATEVER"
"2216e041-e804-3add-a921-0348a424d408"	"I BELIEVE YOU"
"22791cc1-7ffb-ae82-9e9a-8e0e58b9db11"	"BACK ON THE BOULEVARD"
"229932ed-c9c0-fac6-9b32-ed103ee694f4"	"GEORDIE"
"22a34091-ec9a-0eb0-3923-e13d1621af69"	"ANALOG WHEEL"
"22d4a116-4515-7fe9-beae-5b8c073396c2"	"CELTIC SOCIAL CLUB"
"23422710-bb6d-20b3-7a35-6bab45b29992"	"HOW DEEP IS YOUR LOVE"
"2358f20c-7ed9-f10b-02da-ceb50400869c"	"GRAND CRU"
"2365b4f8-1246-0358-a547-9ec965dc2f0a"	"DEATH OF ME"
"2378b726-71d1-adba-10a5-bdd42147a126"	"HAVE SPACESUIT WILL TRAVEL (PART 1)"
"23a6285e-ee86-ad55-f03d-2b0d032a6aac"	"SPLINTER"
"23b1aedb-8095-b6e0-1e1c-032f86a3cc56"	"KERNKRAFT 400"